"Test","Statistic","Parameter","p_value","Significant"
"ANOVA",10.3186580316772,"df=27,5732",1.94166361238718e-42,TRUE
"Kruskal-Wallis",274.027218472922,"df=27",1.03124302639543e-42,TRUE
"Chi-squared",404.84104416822,"df=108",6.62648571416467e-36,TRUE
"Levene's",2.27746493248301,"df=27,5732",0.000177873315581111,TRUE
